timestamp,level,A_in,A_out,velocity
1,4.0,30,28,0.0833333333333333
2,4.08333333333333,99,83,0.307035332203119
3,4.39036866553645,1,70,-0.312196418680786
4,4.07817224685566,17,67,-0.171236810579776
5,3.90693543627588,2,54,-0.206369427757039
6,3.70056600851884,68,28,0.345754076750736
7,4.04632008526958,87,65,0.306048362561803
8,4.35236844783138,63,17,0.343179813951169
9,4.69554826178255,57,61,0.0849285767651602
10,4.78047683854771,0,7,-0.0343899418395771
11,4.74608689670813,57,43,0.170057988495489
12,4.91614488520362,41,60,-0.0285433429147881
13,4.88760154228883,40,11,0.21159413032751
14,5.09919567261634,80,10,0.481465481812682
15,5.58066115442902,35,39,0.0159030759987787
16,5.5965642304278,87,40,0.356499930697631
17,5.95306416112543,14,46,-0.176129283974203
18,5.77693487715123,82,4,0.52376307986256
19,6.30069795701379,72,82,-0.0210223321196822
20,6.27967562489411,74,31,0.304385950438502
21,6.58406157533261,21,95,-0.459270069002473
22,6.12479150633014,8,56,-0.281757685653529
23,5.84303382067661,43,61,-0.0656560927381124
24,5.7773777279385,95,59,0.295485623160988
25,6.07286335109949,53,20,0.234413668703121
26,6.30727701980261,92,70,0.185304325471173
27,6.49258134527378,1,90,-0.555369476156517
28,5.93721186911726,21,16,0.046461987891823
29,5.98367385700908,66,9,0.387075330131313
30,6.37074918714039,51,37,0.112095223550645
31,6.48284441069104,37,62,-0.140093984567207
32,6.34275042612383,47,35,0.0984393576990602
33,6.44118978382289,51,61,-0.0387505407220766
34,6.40243924310081,33,66,-0.188003963068681
35,6.21443528003213,80,10,0.472848922462753
36,6.68728420249488,53,51,0.028017965367947
37,6.71530216786283,56,59,-0.0041350111627568
38,6.71116715670007,46,56,-0.0514512458505993
39,6.65971591084947,42,91,-0.298755155497679
40,6.36096075535179,22,20,0.0236129188774526
41,6.38457367422924,17,46,-0.170455483986287
42,6.21411819024295,54,94,-0.208532073091365
43,6.00558611715159,47,88,-0.205573594831451
44,5.80001252232014,86,91,0.0506872903352332
45,5.85069981265537,32,68,-0.179811438887587
46,5.67088837376778,55,62,0.0166803709433537
47,5.68756874471113,63,85,-0.060908827303347
48,5.62665991740778,67,96,-0.0919730955052532
49,5.53468682190253,63,3,0.403382316408081
50,5.93806913831061,24,38,-0.0621769626685664
51,5.87589217564204,47,27,0.156721934725235
52,6.03261411036728,96,8,0.592667757580839
53,6.62528186794812,98,1,0.646996929288859
54,7.27227879723698,1,21,-0.135400015812628
55,7.13687878142435,0,89,-0.59431053093864
56,6.54256825048571,50,31,0.138669090502819
57,6.68123734098853,75,4,0.474501532341823
58,7.15573887333035,66,25,0.272752657495176
59,7.42849153082553,49,49,-0.0096972670140735
60,7.41879426381146,76,35,0.266621405939345
61,7.68541566975081,42,84,-0.310111607894843
62,7.37530406185597,88,50,0.245123750121234
63,7.6204278119772,55,14,0.268878459657334
64,7.88930627163453,21,67,-0.339049767020821
65,7.55025650461371,100,100,-0.0274465080813919
66,7.52280999653232,26,98,-0.50521359254113
67,7.01759640399119,3,70,-0.441976264830766
68,6.57562013916042,47,4,0.288124152523446
69,6.86374429168387,82,93,-0.057618697957596
70,6.80612559372627,98,39,0.401428833612373
71,7.20755442733864,100,37,0.417899881725104
72,7.62545430906374,19,78,-0.418396912833403
73,7.20705739623034,99,35,0.424691298533275
74,7.63174869476362,93,7,0.571056679070875
75,8.2028053738345,20,13,0.037941501222351
76,8.24074687505685,74,63,0.0296381401517638
77,8.27038501520861,55,2,0.351911270978412
78,8.62229628618702,44,66,-0.207072080627634
79,8.41522420555939,35,24,0.0542352567724809
80,8.46945946233187,32,27,0.0109980962635909
81,8.48045755859546,94,98,-0.108359282378948
82,8.37209827621651,64,26,0.233297003352334
83,8.60539527956884,48,63,-0.157049797444035
84,8.44834548212481,50,7,0.280961720423752
85,8.72930720254856,99,7,0.606499606299729
86,9.33580680884829,42,90,-0.438191420338022
87,8.89761538851027,35,99,-0.532719004451495
88,8.36489638405878,86,94,-0.125377188121135
89,8.23951919593765,9,34,-0.190223583883409
90,8.04929561205424,15,63,-0.35652725864296
91,7.69276835341128,56,55,-0.0132990316712053
92,7.67946932174007,92,17,0.493968454690897
93,8.17343777643097,7,32,-0.187587474080438
94,7.98585030235053,47,5,0.277291515226864
95,8.26314181757739,79,74,-0.0189675574587315
96,8.24417426011866,28,27,-0.012114406979225
97,8.23205985313944,54,8,0.30115906634012
98,8.53321891947956,97,9,0.578890051578872
99,9.11210897105843,8,20,-0.103812531442597
100,9.00829643961583,29,98,-0.571040951246999
101,8.43725548836883,58,98,-0.345905154508321
102,8.09135033386051,18,60,-0.316296571076534
103,7.77505376278398,29,58,-0.217324176985541
104,7.55772958579844,79,38,0.262726149609869
105,7.82045573540831,83,64,0.0984162669806165
106,7.91887200238893,79,34,0.282957338956665
107,8.2018293413456,13,43,-0.228835337037846
108,7.97299400430775,68,46,0.122104883914922
109,8.09509888822267,68,5,0.416964100279892
110,8.51206298850256,70,43,0.143369787469777
111,8.65543277597234,96,77,0.0547348881767044
112,8.71016766414904,49,19,0.18165797060446
113,8.8918256347535,29,76,-0.394500384432585
114,8.49732525032092,48,61,-0.138111189124515
115,8.35921406119641,51,3,0.317710684206756
116,8.67692474540317,27,12,0.0886427018145022
117,8.76556744721767,5,59,-0.418811826453644
118,8.34675562076403,28,27,-0.013740575998481
119,8.33301504476555,16,8,0.047351055808003
120,8.38036610057355,21,21,-0.016284480927436
121,8.36408161964611,55,24,0.188283909377094
122,8.5523655290232,56,54,-0.0339218108372465
123,8.51844371818595,10,52,-0.324488493718965
124,8.19395522446699,52,3,0.324668876961528
125,8.51862410142852,53,57,-0.075438832694968
126,8.44318526873355,98,64,0.174698784040041
127,8.61788405277359,78,35,0.254721910119023
128,8.87260596289261,83,24,0.36796065515647
129,9.24056661804908,46,70,-0.248288727784286
130,8.99227789026479,24,8,0.0976734500559763
131,9.08995134032077,32,95,-0.531945853532204
132,8.55800548678857,59,84,-0.240447256512869
133,8.3175582302757,4,60,-0.417657195731152
134,7.89990103454455,56,41,0.0799199085567154
135,7.97982094310127,98,41,0.35793930791169
136,8.33776025101296,14,8,0.0339955046131196
137,8.37175575562608,87,2,0.56512581029795
138,8.93688156592403,65,25,0.239335933519391
139,9.17621749944342,21,76,-0.459839621771598
140,8.71637787767182,69,24,0.276746379603678
141,8.9931242572755,1,34,-0.258237201533184
142,8.73488705574232,91,45,0.262593002276728
143,8.99748005801905,20,45,-0.217383901978629
144,8.78009615604042,2,41,-0.301206421351101
145,8.47888973468932,75,92,-0.18994088612023
146,8.28894884856909,78,62,0.0619061290902262
147,8.35085497765932,72,67,-0.017467440261943
148,8.33338753739738,13,81,-0.513921555071685
149,7.8194659823257,44,26,0.108538989026066
150,7.92800497135177,98,10,0.581598839198762
151,8.50960381055053,90,25,0.412072192181845
152,8.92167600273238,35,55,-0.192992925610218
153,8.72868307712216,43,49,-0.0878187217629911
154,8.64086435535917,80,56,0.108152095236893
155,8.74901645059606,0,28,-0.214314736777222
156,8.53470171381884,6,97,-0.690564187097756
157,7.84413752672108,64,93,-0.235728145925005
158,7.60840938079608,13,30,-0.12265532999749
159,7.48575405079859,73,13,0.396957818811229
160,7.88271186960982,18,92,-0.537431299645276
161,7.34528056996454,10,29,-0.130874225709922
162,7.21440634425462,44,59,-0.1036097216842
163,7.11079662257042,93,89,0.0272001751385787
164,7.137996797709,88,60,0.185964283433916
165,7.32396108114292,79,60,0.118777240736408
166,7.44273832187933,39,44,-0.0424371690825952
167,7.40030115279673,18,83,-0.448277998907059
168,6.95202315388967,59,45,0.0982955696454168
169,7.05031872353509,23,5,0.120227604126401
170,7.17054632766149,69,32,0.245616204433648
171,7.41616253209514,38,77,-0.274637984319264
172,7.14152454777588,13,81,-0.454467226431934
173,6.68705732134395,77,60,0.130618633730616
174,6.81767595507457,10,87,-0.495948979654833
175,6.32172697541974,76,34,0.298418426053158
176,6.6201454014729,40,56,-0.0879748774562313
177,6.53217052401667,32,4,0.188244129911629
178,6.7204146539283,28,85,-0.357438388825134
179,6.36297626510317,57,74,-0.0754040676408455
180,6.28757219746232,32,29,0.0364131089896442
181,6.32398530645196,88,6,0.549907376571968
182,6.87389268302393,6,66,-0.38929484864932
183,6.48459783437461,10,65,-0.338887500773041
184,6.14571033360157,51,76,-0.115918095475457
185,6.02979223812611,48,13,0.243112021858631
186,6.27290425998474,27,91,-0.374213032027591
187,5.89869122795715,26,21,0.0511667366015611
188,5.94985796455871,95,16,0.539645222329515
189,6.48950318688823,25,34,-0.0455853472135432
190,6.44391783967469,55,80,-0.130207889359672
191,6.31370995031502,94,31,0.436969465005266
192,6.75067941532029,98,96,0.0368478483252732
193,6.78752726364556,42,39,0.0285833718649057
194,6.81611063551047,1,23,-0.142046637811075
195,6.6740639976994,19,4,0.101187742921029
196,6.77525174062043,84,65,0.141509838035856
197,6.91676157865629,89,50,0.266682824237806
198,7.1834444028941,69,34,0.231933288844306
199,7.41537769173841,53,13,0.264201777263896
200,7.67957946900231,46,57,-0.0935606308927399
201,7.58601883810957,5,40,-0.245204985347856
202,7.34081385276171,36,11,0.165102009408435
203,7.50591586217015,68,27,0.2666728827411
204,7.77258874491125,65,96,-0.246230570646933
205,7.52635817426432,59,94,-0.257726838589
206,7.26863133567532,26,39,-0.0904135113944059
207,7.17821782428091,9,96,-0.583628329039728
208,6.59458949524118,46,4,0.281405284481707
209,6.87599477972289,37,56,-0.117662049533432
210,6.75833273018946,80,0,0.533333333333333
211,7.29166606352279,23,55,-0.219429552116277
212,7.07223651140651,34,3,0.20676017331767
213,7.27899668472418,69,96,-0.189861319650535
214,7.08913536507365,77,100,-0.151320879519217
215,6.93781448555443,27,91,-0.415775359613159
216,6.52203912594127,83,18,0.44055818074328
217,6.96259730668455,27,71,-0.286000762090653
218,6.6765965445939,75,100,-0.137145635755802
219,6.5394509088381,33,89,-0.338682964603741
220,6.20076794423436,37,32,0.0534306464626027
221,6.25419859069696,30,99,-0.40161386243515
222,5.85258472826181,89,49,0.309968507685276
223,6.16255323594709,81,79,0.0651234193093764
224,6.22767665525647,75,9,0.445478580830767
225,6.67315523608724,51,25,0.180772207893474
226,6.85392744398071,76,82,-0.0256061080578178
227,6.82832133592289,20,79,-0.378111663586264
228,6.45020967233663,91,45,0.326976942335324
229,6.77718661467195,59,2,0.380454104504259
230,7.15764071917621,24,45,-0.141100736078093
231,7.01653998309812,62,45,0.116379857363786
232,7.13291984046191,52,18,0.226515357679627
233,7.35943519814154,26,16,0.0642010466539547
234,7.42363624479549,6,76,-0.481473963924904
235,6.94216228087059,79,86,-0.0366216099254978
236,6.90554067094509,66,35,0.211605708374496
237,7.11714637931959,92,45,0.313416947153823
238,7.43056332647341,18,26,-0.0585128771201354
239,7.37205044935327,21,41,-0.139980418545252
240,7.23207003080802,5,38,-0.222757557725666
241,7.00931247308235,13,61,-0.315580188168979
242,6.69373228491337,93,31,0.422123321456334
243,7.1158556063697,73,7,0.440018891034174
244,7.55587449740387,44,92,-0.345573894448631
245,7.21030060295524,69,84,-0.104916730085956
246,7.10538387286928,52,7,0.300066657560411
247,7.40545053042969,96,95,-0.0107487076672719
248,7.39470182276242,14,21,-0.0503732876528355
249,7.34432853510958,98,10,0.58522185063316
250,7.92955038574274,40,61,-0.170970781835118
251,7.75857960390762,56,48,0.0339639297652562
252,7.79254353367288,59,9,0.329514196923368
253,8.12205773059625,99,62,0.208025263461713
254,8.33008299405796,88,62,0.127077109543136
255,8.4571601036011,32,12,0.12349208373438
256,8.58065218733548,65,33,0.183918562903822
257,8.7645707502393,43,72,-0.26506305317881
258,8.49950769706049,7,38,-0.238761999664956
259,8.26074569739553,42,72,-0.250785791428895
260,8.00995990596664,4,82,-0.565608331689774
261,7.44435157427687,78,23,0.361884415552819
262,7.80623598982969,17,88,-0.511413084009732
263,7.29482290581996,93,29,0.423393678401071
264,7.71821658422103,84,56,0.165459048297314
265,7.88367563251834,27,30,-0.034397331790882
266,7.84927830072746,14,2,0.0790820196746743
267,7.92836032040213,43,94,-0.387657788183238
268,7.54070253221889,82,91,-0.0844324466898492
269,7.45627008552904,48,5,0.285589443624249
270,7.74185952915329,52,17,0.226647954152666
271,7.96850748330596,87,77,0.0257606495932961
272,7.99426813289926,82,66,0.070580262980053
273,8.06484839587931,79,82,-0.0683067849315585
274,7.99654161094775,57,26,0.192415247649917
275,8.18895685859767,40,70,-0.246407948594865
276,7.94254891000281,84,4,0.531271024813297
277,8.47381993481611,10,0,0.0666666666666667
278,8.54048660148278,27,68,-0.332374731008647
279,8.20811187047413,91,63,0.144185473224783
280,8.35229734369891,41,99,-0.461813963093977
281,7.89048338060493,80,16,0.418921956853497
282,8.30940533745843,27,92,-0.500856835938232
283,7.8085485015202,31,4,0.178263447704138
284,7.98681194922434,48,80,-0.256715409752329
285,7.73009653947201,12,70,-0.413688226123491
286,7.31640831334852,2,22,-0.136119999906508
287,7.18028831344201,75,11,0.426236177970945
288,7.60652449141296,97,47,0.318783983633945
289,7.92530847504691,33,88,-0.41111995931425
290,7.51418851573266,3,45,-0.291334378126016
291,7.22285413760664,62,28,0.224801044342707
292,7.44765518194935,57,65,-0.066983943050453
293,7.3806712388989,9,84,-0.514078490611308
294,6.86659274828759,50,90,-0.251630172035994
295,6.6149625762516,41,20,0.146746700500381
296,6.76170927675198,11,28,-0.106683546492809
297,6.65502573025917,62,53,0.0764258380404395
298,6.73145156829961,97,26,0.480040076168023
299,7.21149164446763,51,78,-0.184625487822929
300,7.0268661566447,3,85,-0.541489122391406
301,6.48537703425329,98,6,0.615894311935811
302,7.1012713461891,93,8,0.566764301105633
303,7.66803564729473,61,8,0.350551528843246
304,8.01858717613798,54,77,-0.196559709093087
305,7.82202746704489,4,18,-0.101296032003937
306,7.72073143504095,49,25,0.150493585862082
307,7.87122502090303,33,14,0.120053829414375
308,7.99127885031741,47,10,0.241217018321399
309,8.23249586863881,5,45,-0.297658496537007
310,7.9348373721018,19,18,-0.002529812035488
311,7.93230756006631,80,27,0.339579923612254
312,8.27188748367856,23,16,0.0352760263103968
313,8.30716350998896,84,41,0.256628581541945
314,8.56379209153091,69,43,0.135421593195808
315,8.69921368472672,69,52,0.0634581581698374
316,8.76267184289656,87,27,0.373130396733039
317,9.1358022396296,51,49,-0.045648141946418
318,9.09015409768318,91,74,0.026125104376661
319,9.11627920205984,24,10,0.0814040351148197
320,9.19768323717466,27,5,0.140477889349256
321,9.33816112652392,41,80,-0.365161473333266
322,8.97299965319065,24,15,0.0432989291067216
323,9.01629858229737,91,27,0.395953557283077
324,9.41225213958045,30,94,-0.554009306242608
325,8.85824283333784,4,19,-0.119933272665207
326,8.73830956067263,52,5,0.308426546866923
327,9.04673610753955,96,60,0.170734080333324
328,9.21747018787287,56,7,0.317926376226094
329,9.53539656409896,98,56,0.200420273463703
330,9.73581683756266,63,37,0.11680043513573
331,9.85261727269839,26,43,-0.181683896995039
332,9.67093337570335,35,48,-0.158353617577808
333,9.51257975812554,95,70,0.0680497821980122
334,9.58062954032355,100,100,-0.144530447916861
335,9.43609909240669,25,7,0.11042678674926
336,9.54652587915595,95,73,0.0424929742276709
337,9.58901885338362,5,51,-0.380606053895101
338,9.20841279948852,36,80,-0.392824918717146
339,8.81558788077137,3,55,-0.403046504487971
340,8.4125413762834,2,21,-0.143344712212572
341,8.26919666407083,58,71,-0.137100241569268
342,8.13209642250156,74,16,0.376599101255111
343,8.50869552375667,39,73,-0.288710913930855
344,8.21998460982582,60,100,-0.334798761296544
345,7.88518584852928,70,39,0.187914367292539
346,8.07310021582182,14,67,-0.39313411723098
347,7.67996609859084,78,61,0.0916719981195077
348,7.77163809671035,74,80,-0.0729232877567452
349,7.6987148089536,79,65,0.0694989246519953
350,7.7682137336056,50,19,0.198887287585277
351,7.96710102119088,45,58,-0.117429799438278
352,7.8496712217526,26,15,0.0664448909974776
353,7.91611611275008,29,88,-0.437296884800682
354,7.4788192279494,71,28,0.280236444092062
355,7.75905567204146,69,23,0.297378772502177
356,8.05643444454364,26,24,-0.0006844020349853
357,8.05575004250865,19,31,-0.098093541026436
358,7.95765650148221,77,13,0.419845554276905
359,8.37750205575912,60,38,0.117262990147042
360,8.49476504590616,86,26,0.378111300484432
361,8.87287634639059,32,54,-0.203763397075827
362,8.66911294931476,4,23,-0.148332359872975
363,8.52078058944179,62,15,0.300479890369667
364,8.82126047981146,14,17,-0.037480899569981
365,8.78377958024148,69,12,0.367914580549895
366,9.15169416079138,82,69,0.0030067451725802
367,9.15470090596396,30,70,-0.351654978784982
368,8.80304592717898,8,4,0.0225946363881802
369,8.82564056356716,72,56,0.0489441982405998
370,8.87458476180776,88,88,-0.0931309977480795
371,8.78145376405968,65,58,-0.0116698897969335
372,8.76978387426275,45,26,0.100687511998676
373,8.87047138626143,36,7,0.1859413659116
374,9.05641275217303,78,21,0.355644196734912
375,9.41205694890794,47,87,-0.384517155110443
376,9.0275397937975,65,64,-0.0665347308168426
377,8.96100506298066,70,16,0.342292633444466
378,9.30329769642513,92,58,0.151525541925873
379,9.454823238351,16,65,-0.416217862409127
380,9.03860537594187,1,59,-0.454511863192696
381,8.58409351274917,71,58,0.0348533735328893
382,8.61894688628206,17,31,-0.121646127163074
383,8.49730075911899,33,2,0.204979989320818
384,8.70228074843981,16,41,-0.206062887051025
385,8.49621786138879,59,70,-0.132323229670698
386,8.36389463171809,86,90,-0.0955921791810857
387,8.268302452537,38,74,-0.292525637359849
388,7.97577681517715,100,73,0.140899084207863
389,8.11667589938501,5,98,-0.680764262374184
390,7.43591163701083,46,12,0.224235546655693
391,7.66014718366652,76,86,-0.096151142050796
392,7.56399604161572,39,37,0.0028604433951539
393,7.56685648501087,66,43,0.141085330703386
394,7.70794181571426,9,9,-0.0033513740117299
395,7.70459044170253,32,8,0.157037534981618
396,7.86162797668415,89,98,-0.10571782846114
397,7.75591014822301,20,72,-0.37560276940456
398,7.38030737881845,44,55,-0.0825386831178679
399,7.29776869570058,30,42,-0.0848193868979342
400,7.21294930880265,47,9,0.252791158093655
401,7.46574046689631,12,36,-0.167970926224393
402,7.29776954067192,22,40,-0.124589913915874
403,7.17317962675605,53,71,-0.122451822744204
404,7.05072780401185,59,59,0.0026699076036864
405,7.05339771161554,32,98,-0.435736725417093
406,6.61766098619845,41,41,0.0137548803662426
407,6.63141586656469,34,90,-0.343987719207857
408,6.28742814735683,22,89,-0.396286280087475
409,5.89114186726936,56,60,0.0246240226572811
410,5.91576588992664,69,67,0.0693777991224657
411,5.98514368904911,9,74,-0.37523866817482
412,5.60990502087429,35,19,0.126974087513724
413,5.73687910838801,87,88,0.0788001218658982
414,5.81567923025391,37,83,-0.231014129323506
415,5.5846651009304,35,25,0.09387705757663
416,5.67854215850703,93,43,0.377014652878778
417,6.05555681138581,43,53,-0.027800186536877
418,6.02775662484893,97,18,0.540233281362113
419,6.56798990621104,81,92,-0.0393275148808363
420,6.5286623913302,62,69,-0.0192878929046928
421,6.50937449842551,81,38,0.302252746106845
422,6.81162724453236,59,76,-0.0978383716623419
423,6.71378887287002,4,87,-0.529849873552749
424,6.18393899931727,33,84,-0.286227482173956
425,5.89771151714331,46,37,0.0914478046507158
426,5.98915932179403,11,13,-0.0031660269911976
427,5.98599329480283,6,60,-0.312933832980898
428,5.67305946182193,72,41,0.248489018226736
429,5.92154848004867,16,47,-0.167554145369384
430,5.75399433467929,21,36,-0.0655053193110631
431,5.68848901536823,75,1,0.494341543159663
432,6.18283055852789,13,52,-0.226670736762398
433,5.95615982176549,80,90,0.0059174751456163
434,5.96207729691111,53,17,0.253635859572114
435,6.21571315648322,89,28,0.423951309219991
436,6.63966446570321,89,57,0.231597190704088
437,6.8712616564073,2,11,-0.0581964936588035
438,6.8130651627485,73,20,0.357391642725076
439,7.17045680547358,32,20,0.0793446210512702
440,7.24980142652485,1,64,-0.425374542335946
441,6.8244268841889,17,24,-0.0419796874374459
442,6.78244719675145,47,45,0.0233911759460424
443,6.80583837269749,89,26,0.425402018320291
444,7.23124039101778,96,39,0.37719071403838
445,7.60843110505616,16,4,0.0787570130573663
446,7.68718811811353,54,11,0.282711435243525
447,7.96989955335706,39,80,-0.315900239883276
448,7.65399931347378,11,97,-0.606219723551982
449,7.0477795899218,22,32,-0.0651567312628727
450,6.98262285865893,49,71,-0.140273374453031
451,6.8423494842059,49,15,0.229415888590912
452,7.07176537279681,65,66,-0.0045891805419861
453,7.06717619225482,45,99,-0.356586513326065
454,6.71058967892876,0,51,-0.326123109568401
455,6.38446656936036,58,88,-0.156227048577345
456,6.22823952078302,27,29,0.004308177081463
457,6.23254769786448,7,70,-0.377633039462117
458,5.85491465840236,40,41,0.0294938009423419
459,5.8844084593447,98,1,0.647526542185736
460,6.53193500153044,33,50,-0.0936068938773179
461,6.43832810765312,67,85,-0.0809304197270384
462,6.35739768792608,23,41,-0.0988237755920938
463,6.25857391233399,98,14,0.568212887276248
464,6.82678679961024,53,42,0.0814690788440169
465,6.90825587845426,43,67,-0.150666244267267
466,6.75758963418699,90,90,0.0216246710363825
467,6.77921430522337,54,21,0.224739400555139
468,7.00395370577851,88,13,0.50098779187402
469,7.50494149765253,49,35,0.0847208269358323
470,7.58966232458836,45,47,-0.0273892422315609
471,7.5622730823568,27,99,-0.507915521401347
472,7.05435756095545,90,91,-0.0027651485655739
473,7.05159241238988,22,50,-0.184432369045359
474,6.86716004334452,10,9,0.0081669067912909
475,6.87532695013581,20,84,-0.413122315091878
476,6.46220463504393,26,56,-0.175193747646317
477,6.28701088739761,11,50,-0.231681568660514
478,6.0553293187371,60,12,0.328801954742975
479,6.38413127348008,75,4,0.475323956530337
480,6.85945523001042,15,56,-0.263710283261669
481,6.59574494674875,20,48,-0.169841367021058
482,6.42590357972769,19,20,0.0027000551821892
483,6.42860363490988,30,31,0.0077931504061261
484,6.43639678531601,64,40,0.178439709995402
485,6.61483649531141,1,46,-0.284478611718
486,6.33035788359341,18,41,-0.131373511693763
487,6.19898437189965,92,37,0.389951622055473
488,6.58893599395512,70,64,0.0627332950891751
489,6.6516692890443,26,76,-0.309605099213973
490,6.34206418983033,34,24,0.0793224406204736
491,6.4213866304508,99,86,0.127215651046593
492,6.54860228149739,30,98,-0.415798772087117
493,6.13280350941027,14,62,-0.278020429408068
494,5.8547830800022,29,19,0.0834258322986567
495,5.93820891230086,19,16,0.0331168117193255
496,5.97132572402019,27,28,0.0156008581408458
497,5.98692658216104,66,42,0.192917395818036
498,6.17984397797908,99,29,0.485316536632794
499,6.66516051461187,68,72,-0.0048502795966078
500,6.66031023501526,48,4,0.294558590636154
501,6.95486882565141,81,89,-0.0436867676910673
502,6.91118205796034,40,89,-0.314441239210952
503,6.59674081874939,74,96,-0.11308176006388
504,6.48365905868551,34,2,0.214189383059873
505,6.69784844174538,84,0,0.56
506,7.25784844174538,31,47,-0.110856670290301
507,7.14699177145508,62,29,0.219491059611777
508,7.36648283106686,47,84,-0.259987757681854
509,7.10649507338501,100,18,0.546825032023712
510,7.65332010540872,78,83,-0.0614383073566889
511,7.59188179805203,95,90,0.0062933115440273
512,7.59817510959606,40,58,-0.137653118210864
513,7.4605219913852,97,47,0.323081430292398
514,7.7836034216776,71,37,0.211168317506975
515,7.99477173918458,97,79,0.0767817304836775
516,8.07155346966826,24,96,-0.536939220860371
517,7.53461424880789,23,75,-0.366517449456856
518,7.16809679935103,86,19,0.446073109974441
519,7.61416990932547,43,65,-0.167097182476325
520,7.44707272684915,23,55,-0.224863629501128
521,7.22220909734802,80,29,0.338079806661756
522,7.56028890400978,79,18,0.40161342783405
523,7.96190233184383,25,55,-0.228999466373942
524,7.73290286546989,11,32,-0.152407971221138
525,7.58049489424875,43,43,-0.0126139386597238
526,7.56788095558903,37,3,0.225810236011941
527,7.79369119160097,80,33,0.29930665313297
528,8.09299784473394,1,98,-0.706047429461409
529,7.38695041527253,8,41,-0.227035094415607
530,7.15991532085692,71,72,-0.0085340648568341
531,7.15138125600009,55,62,-0.0479314229792681
532,7.10344983302082,18,82,-0.425782413951521
533,6.6776674190693,99,88,0.0992476493795812
534,6.77691506844888,22,38,-0.0980317261808434
535,6.67888334226804,95,60,0.250952496410409
536,6.92983583867845,100,14,0.575083000437509
537,7.50491883911596,69,77,-0.0722797519631826
538,7.43263908715278,24,59,-0.245164325613468
539,7.18747476153931,72,47,0.164608767149385
540,7.3520835286887,58,67,-0.0700112430212293
541,7.28207228566747,13,0,0.0866666666666667
542,7.36873895233414,84,43,0.266452517758315
543,7.63519147009246,56,89,-0.249136208219889
544,7.38605526187257,82,36,0.30050996516117
545,7.68656522703374,79,22,0.372098002440047
546,8.05866322947379,50,72,-0.188815922460755
547,7.86984730701304,76,99,-0.200012612014242
548,7.6698346949988,99,36,0.407441808054586
549,8.07727650305339,45,94,-0.382741201661365
550,7.69453530139203,81,33,0.307984582363647
551,8.00251988375568,93,13,0.526160882155674
552,8.52868076591135,1,61,-0.452548594013965
553,8.07613217189739,7,91,-0.614222691742141
554,7.46190948015525,86,79,0.0293656480948093
555,7.49127512825006,18,11,0.0440543248274437
556,7.5353294530775,86,87,-0.0297325361798838
557,7.50559691689762,43,96,-0.376995712372412
558,7.12860120452521,81,21,0.3998824547529
559,7.52848365927811,40,72,-0.232113610276513
560,7.2963700490016,45,21,0.157609106352147
561,7.45397915535375,4,91,-0.599473968782038
562,6.85450518657171,75,80,-0.019321415490751
563,6.83518377108096,22,10,0.0818808029723476
564,6.91706457405331,52,73,-0.130257771166174
565,6.78680680288714,77,63,0.107229340333115
566,6.89403614322026,17,33,-0.10175719508756
567,6.7922789481327,9,9,0.0019519928386356
568,6.79423094097134,84,67,0.127776835808895
569,6.92200777678024,37,53,-0.0997675483308846
570,6.82224022844936,9,28,-0.121157455758649
571,6.70108277269071,46,11,0.236397404312972
572,6.93748017700368,52,65,-0.0788727555898961
573,6.85860742141378,38,21,0.116953875440659
574,6.97556129685444,43,43,0.0040724585873713
575,6.97963375544181,88,73,0.106717411873367
576,7.08635116731518,64,71,-0.0451087204869258
577,7.04124244682825,30,79,-0.322600287015158
578,6.71864215981309,23,23,0.006132550949005
579,6.7247747107621,83,54,0.207506989822366
580,6.93228170058447,89,95,-0.0282814038561103
581,6.90400029672836,28,64,-0.230903034095716
582,6.67309726263264,80,89,-0.0335140904822811
583,6.63958317215036,75,86,-0.0457725565815581
584,6.5938106155688,65,49,0.123907631988713
585,6.71771824755751,83,28,0.374149925537827
586,7.09186817309534,54,50,0.0275836776039748
587,7.11945185069931,84,4,0.533334760843679
588,7.65278661154299,62,57,0.0140511681873386
589,7.66683777973033,92,86,0.0101593484278878
590,7.67699712815822,74,6,0.451213722668591
591,8.12821085082681,64,70,-0.0838837679224408
592,8.04432708290437,91,77,0.0489180979326658
593,8.09324518083704,12,69,-0.421819089403025
594,7.67142609143402,4,62,-0.408355701606733
595,7.26307038982729,49,75,-0.180271060158124
596,7.08279932966917,33,65,-0.211756216256923
597,6.87104311341225,90,37,0.359405070019898
598,7.23044818343215,70,32,0.251044606706144
599,7.48149279013829,50,74,-0.177118659651646
600,7.30437413048664,90,87,0.0096492936041068
601,7.31402342409075,65,62,0.012241147655917
602,7.32626457174667,45,50,-0.0399813800733589
603,7.28628319167331,2,5,-0.0205369615161803
604,7.26574623015713,47,93,-0.31542922414446
605,6.95031700601267,60,45,0.105013066185439
606,7.05533007219811,39,67,-0.183836813633414
607,6.8714932585647,18,72,-0.348206361165044
608,6.52328689739966,7,50,-0.266640862793584
609,6.25664603460608,62,0,0.413333333333333
610,6.66997936793941,39,8,0.209064423217278
611,6.87904379115669,79,68,0.0841292144467878
612,6.96317300560348,73,36,0.250370885254812
613,7.21354389085829,69,93,-0.165638154152099
614,7.04790573670619,23,25,-0.0121557640920818
615,7.03574997261411,97,11,0.573939189083975
616,7.60968916169809,61,36,0.155451613238128
617,7.76514077493622,43,30,0.0744399899641625
618,7.83958076490038,19,99,-0.578188341305746
619,7.26139242359463,38,37,0.003283924536954
620,7.26467634813158,64,11,0.3523044573251
621,7.61698080545668,33,20,0.0803454061818862
622,7.69732621163857,3,59,-0.394917082399138
623,7.30240912923943,14,33,-0.130551316207097
624,7.17185781303233,16,33,-0.114444659114762
625,7.05741315391757,95,95,0.0038828336543993
626,7.06129598757197,6,84,-0.516780368941635
627,6.54451561863034,29,23,0.0488740697362106
628,6.59338968836655,80,29,0.350212226816223
629,6.94360191518277,32,69,-0.238673080228369
630,6.7049288349544,14,97,-0.526567220183718
631,6.17836161477068,10,61,-0.300705802330533
632,5.87765581244015,51,75,-0.0951306271877495
633,5.7825251852524,93,92,0.0928277976106701
634,5.87535298286307,15,94,-0.445201757352538
635,5.43015122551053,34,56,-0.0789087559652517
636,5.35124246954528,91,58,0.29383934270958
637,5.64508181225486,67,11,0.384790972276425
638,6.02987278453129,16,52,-0.200888319515973
639,5.82898446501532,50,68,-0.058701336050041
640,5.77028312896528,10,39,-0.156446576860291
641,5.61383655210499,89,41,0.363696330303573
642,5.97753288240856,76,55,0.183487513009775
643,6.16102039541834,41,96,-0.303625618095161
644,5.85739477732318,16,65,-0.269460031177975
645,5.58793474614521,69,33,0.275833782557294
646,5.8637685287025,29,35,-0.0093636826161652
647,5.85440484608633,57,47,0.108136888749648
648,5.96254173483598,75,80,0.0308079204729818
649,5.99334965530896,57,37,0.162156726864634
650,6.15550638217359,84,21,0.433873881098092
651,6.58938026327168,6,56,-0.31345880861716
652,6.27592145465452,74,62,0.115604350264647
653,6.39152580491917,5,57,-0.318596704056005
654,6.07292910086317,11,56,-0.259644415291185
655,5.81328468557199,33,62,-0.136709819373276
656,5.67657486619871,72,60,0.141041352715837
657,5.81761621891455,62,24,0.275173711538206
658,6.09278993045276,5,56,-0.300455277909858
659,5.7923346525429,37,62,-0.109061928432617
660,5.68327272411028,89,78,0.152285897401467
661,5.83555862151175,59,46,0.127905840698305
662,5.96346446221006,3,88,-0.496171375464162
663,5.4672930867459,18,1,0.11451383282547
664,5.58180691957137,32,39,-0.0041317086503513
665,5.57767521092102,34,7,0.187656998467891
666,5.76533220938891,76,73,0.089318730455565
667,5.85465093984448,85,12,0.497252592626847
668,6.35190353247133,29,81,-0.304516549535771
669,6.04738698293556,49,77,-0.129739864908477
670,5.91764711802708,85,68,0.170119062492383
671,6.08776618051946,6,75,-0.406763872793198
672,5.68100230772626,5,47,-0.232344097730075
673,5.44865820999619,50,7,0.295033500565869
674,5.74369171056206,33,95,-0.321561028864311
675,5.42213068169775,46,77,-0.113008025594531
676,5.30912265610322,77,3,0.497254614245419
677,5.80637727034864,82,21,0.425955076551826
678,6.23233234690047,11,31,-0.114566041919054
679,6.11776630498142,37,12,0.174922622445374
680,6.29268892742679,31,58,-0.147384853240842
681,6.14530407418595,76,23,0.368698214177231
682,6.51400228836318,52,45,0.0649794350157911
683,6.57898172337897,69,100,-0.170460984024108
684,6.40852073935486,20,18,0.0219826953493705
685,6.43050343470423,5,49,-0.27054265143821
686,6.15996078326602,48,14,0.235870866788833
687,6.39583165005485,7,63,-0.342499284205575
688,6.05333236584928,99,30,0.482048717036944
689,6.53538108288622,1,5,-0.0247059437824215
690,6.5106751391038,93,36,0.394733279610774
691,6.90540841871457,83,68,0.109601834030653
692,7.01501025274522,27,95,-0.446806192433902
693,6.56820406031132,75,33,0.292192868246466
694,6.86039692855779,77,94,-0.0972395083257697
695,6.76315742023202,20,79,-0.374648661539688
696,6.38850875869233,62,4,0.38864497361921
697,6.77715373231154,1,29,-0.180081508638499
698,6.59707222367304,48,0,0.32
699,6.91707222367304,67,88,-0.128256390535308
700,6.78881583313773,96,57,0.272495480920353
701,7.06131131405808,62,79,-0.110306139814804
702,6.95100517424328,33,87,-0.350347711347168
703,6.60065746289611,5,86,-0.510144908107814
704,6.0905125547883,12,89,-0.450337860295848
705,5.64017469449245,27,10,0.123787244625913
706,5.76396193911836,90,81,0.136999573635347
707,5.90096151275371,68,12,0.383503526725108
708,6.28446503947882,66,24,0.293636325553797
709,6.57810136503262,76,62,0.11581843437263
710,6.69391979940525,72,68,0.045939260838206
711,6.73985906024346,100,97,0.0444692425882794
712,6.78432830283174,62,60,0.0266677679367081
713,6.81099607076845,0,38,-0.245569744389013
714,6.56542632637944,31,16,0.105942330796934
715,6.67136865717637,80,97,-0.0843523934548822
716,6.58701626372149,99,84,0.129948355202117
717,6.71696461892361,58,73,-0.0804527607805817
718,6.63651185814303,3,5,-0.0117204582125648
719,6.62479139993047,82,98,-0.0742680049069692
720,6.5505233950235,36,8,0.189720097923814
721,6.74024349294731,68,91,-0.13040132299827
722,6.60984216994904,53,28,0.176210390183862
723,6.7860525601329,92,12,0.535986286200517
724,7.32203884633342,90,80,0.0562456208945981
725,7.37828446722802,60,0,0.4
726,7.77828446722802,29,23,0.030440845699735
727,7.80872531292776,34,35,-0.0218652818080582
728,7.7868600311197,58,8,0.329966382368341
729,8.11682641348804,77,57,0.097985744026612
730,8.21481215751465,75,84,-0.116974265790537
731,8.09783789172411,16,13,0.0120854165197575
732,8.10992330824387,28,26,-0.0026831931509704
733,8.1072401150929,76,16,0.390169264548824
734,8.49740937964172,72,90,-0.195906130321407
735,8.30150324932031,84,2,0.545208036095334
736,8.84671128541564,100,31,0.427678464790194
737,9.27438975020583,88,57,0.133720175981758
738,9.40810992618759,24,0,0.16
739,9.56810992618759,55,52,-0.0548073633632759
740,9.51330256282431,61,9,0.333983856701133
741,9.84728641952544,100,47,0.278756313818706
742,10.1260427333441,92,59,0.117808615347273
743,10.2438513486914,45,38,-0.0214566637933316
744,10.2223946848981,73,63,-0.0455806366408555
745,10.1768140482572,97,31,0.385494125312443
746,10.5623081735696,0,33,-0.284500561428753
747,10.2778076121408,80,72,-0.0769955473091785
748,10.2008120648316,73,41,0.140738403076956
749,10.3415504679086,78,72,-0.0926742781085979
750,10.2488761898,99,57,0.177668074568502
751,10.4265442643685,76,61,-0.0150423572370137
752,10.4115019071315,97,15,0.518492119028041
753,10.9299940261595,1,10,-0.0813772480889017
754,10.8486167780706,48,80,-0.381134666810827
755,10.4674821112598,31,13,0.0952130267030635
756,10.5626951379629,98,87,-0.0967305499369336
757,10.465964588026,56,17,0.227599326505816
758,10.6935639145318,39,45,-0.130917578506173
759,10.5626463360256,7,31,-0.2205967140288
760,10.3420496219968,1,50,-0.418814311729974
761,9.92323531026683,70,45,0.0934701759432335
762,10.0167054862101,62,30,0.163072446235456
763,10.1797779324456,57,90,-0.378380271285508
764,9.80139766116009,84,5,0.518853777266716
765,10.3202514384268,68,23,0.257867965136551
766,10.5781194035634,55,78,-0.306409800757867
767,10.2717096028055,83,33,0.273702317816419
768,10.5454119206219,13,82,-0.6195762644328
769,9.9258356561891,92,79,-0.0419413409066487
770,9.88389431528245,66,90,-0.304537654550324
771,9.57935666073213,67,94,-0.31579459973472
772,9.26356206099741,100,47,0.293462534066577
773,9.55702459506399,45,22,0.121814705526068
774,9.67883930059006,70,52,0.0421205296306743
775,9.72095983022073,97,88,-0.0737638140016277
776,9.6471960162191,33,25,0.0163122643250625
777,9.66350828054416,57,2,0.363687610919338
778,10.0271958914635,30,42,-0.150594405386103
779,9.8766014860774,83,78,-0.0916341200962666
780,9.78496736598113,95,10,0.551127590396123
781,10.3360949563773,72,37,0.165256470213659
782,10.501351426591,37,27,0.0147235389469697
783,10.516074965538,65,2,0.416137489433876
784,10.9322124549719,25,76,-0.502550194904961
785,10.4296622600669,69,81,-0.232889319015214
786,10.1967729410517,97,27,0.418916356529464
787,10.6156892975812,73,52,0.0369674629866465
788,10.6526567605678,99,55,0.183337278746685
789,10.8359940393145,23,58,-0.354626604222695
790,10.4813674350918,86,91,-0.207481566228928
791,10.2738858688629,90,58,0.108462657696341
792,10.3823485265592,0,95,-0.810364155604875
793,9.57198437095433,89,97,-0.19307906017209
794,9.37890531078224,100,77,0.0504116690278472
795,9.42931697981009,65,61,-0.0565335037477398
796,9.37278347606235,79,58,0.0626671866259361
797,9.43545066268829,76,13,0.402225729327366
798,9.83767639201566,9,70,-0.51738495668146
799,9.3202914353342,64,59,-0.0436495545847436
800,9.27664188074946,50,16,0.206170778740583
801,9.48281265949004,5,100,-0.772613135127923
802,8.71019952436212,68,47,0.0946267599198642
803,8.80482628428198,67,13,0.346752830435053
804,9.15157911471703,47,69,-0.230322215337341
805,8.92125689937969,35,30,0.0007987777799635
806,8.92205567715965,73,19,0.339386283451563
807,9.26144196061121,69,83,-0.198966425987364
808,9.06247553462385,9,76,-0.535066950948376
809,8.52740858367547,37,20,0.0961189561634452
810,8.62352753983892,100,60,0.211710365886071
811,8.83523790572499,27,78,-0.420821106400314
812,8.41441679932468,46,67,-0.193283999407901
813,8.22113279991678,15,14,-0.0028813210552843
814,8.2182514788615,78,26,0.328978940594566
815,8.54723041945607,20,1,0.125794527234811
816,8.67302494669088,4,3,0.0038340129890886
817,8.67685895967997,89,94,-0.122295310323885
818,8.55456364935609,36,74,-0.318183986119284
819,8.23637966323681,44,3,0.271260337134576
820,8.50764000037139,28,17,0.0588950347154113
821,8.5665350350868,56,30,0.146835971402526
822,8.71337100648933,93,16,0.497858269880263
823,9.21122927636959,71,10,0.394214766386393
824,9.60544404275598,64,92,-0.320855155628869
825,9.28458888712711,90,99,-0.18724784147853
826,9.09734104564858,1,4,-0.0247298588082267
827,9.07261118684035,44,17,0.160130772691914
828,9.23274195953226,18,28,-0.101862180699176
829,9.13087977883308,37,59,-0.217524989136186
830,8.91335478969689,71,13,0.37262589817931
831,9.2859806878762,47,34,0.0429395606252466
832,9.32892024850145,17,54,-0.31737920861337
833,9.01154103988808,20,82,-0.506393183974055
834,8.50514785591403,20,40,-0.167248229269203
835,8.33789962664483,55,56,-0.0487027015571621
836,8.28919692508767,3,72,-0.511990471370439
837,7.77720645371723,97,60,0.221769382986645
838,7.99897583670388,76,20,0.36234141866488
839,8.36131725536876,75,59,0.0615709728392702
840,8.42288822820803,17,46,-0.230142965416446
841,8.19274526279158,54,1,0.352668119661706
842,8.54541338245329,11,25,-0.115110664482433
843,8.43030271797086,74,50,0.119774101141218
844,8.55007681911208,5,32,-0.207960895894747
845,8.34211592321733,58,0,0.386666666666667
846,8.728782589884,50,57,-0.102295747973597
847,8.6264868419104,69,70,-0.0709009108391754
848,8.55558593107122,73,5,0.448948591465948
849,9.00453452253717,63,28,0.201665969592615
850,9.20620049212979,47,16,0.186787772876242
851,9.39298826500603,93,81,-0.0288865731238527
852,9.36410169188218,49,92,-0.408899044859506
853,8.95520264702267,34,85,-0.433794945399737
854,8.52140770162293,85,98,-0.170677947180428
855,8.3507297544425,69,30,0.237255580975457
856,8.58798533541796,67,21,0.287859767061685
857,8.87584510247965,99,3,0.636822955351658
858,9.51266805783131,36,8,0.175395785922489
859,9.6880638437538,86,40,0.246563284986519
860,9.93462712874032,24,41,-0.180267819909159
861,9.75435930883116,95,70,0.0590254723280768
862,9.81338478115924,44,11,0.202742125144879
863,10.0161269063041,74,56,0.0261965353769496
864,10.042323441681,95,97,-0.177135394979309
865,9.86518804670169,3,52,-0.409666663416826
866,9.45552138328486,40,41,-0.0631682489711424
867,9.39235313431372,1,61,-0.481980008373301
868,8.91037312594042,57,79,-0.231859349469251
869,8.67851377647117,32,11,0.129579178847187
870,8.80809295531836,0,94,-0.722627279693742
871,8.08546567562462,15,34,-0.14711527198407
872,7.93835040364055,15,41,-0.194367952683392
873,7.74398245095716,5,77,-0.510381320304901
874,7.23360113065226,98,42,0.370244094199959
875,7.60384522485222,50,83,-0.24555516216969
876,7.35829006268253,68,79,-0.0854497627853259
877,7.2728402998972,42,67,-0.173284503595685
878,7.09955579630152,15,35,-0.132867016370078
879,6.96668877993144,43,8,0.234137897935558
880,7.200826677867,66,62,0.0234169068218428
881,7.22424358468884,12,8,0.0261264671007242
882,7.25037005178956,33,61,-0.191811577930926
883,7.05855847385863,100,36,0.42811104876822
884,7.48666952262685,49,71,-0.163322536229204
885,7.32334698639765,82,5,0.512677841570422
886,7.83602482796807,20,85,-0.471660922996075
887,7.364363904972,3,25,-0.150597587353482
888,7.21376631761852,78,53,0.16344591941737
889,7.37721223703589,8,13,-0.0354835852983943
890,7.3417286517375,32,56,-0.167998181766598
891,7.1737304699709,85,86,-0.0096671618640686
892,7.16406330810683,46,44,0.0120738072542309
893,7.17613711536106,31,41,-0.0681610333166896
894,7.10797608204437,63,65,-0.0128242095952849
895,7.09515187244909,26,33,-0.0461321708905542
896,7.04901970155854,85,45,0.268753425199527
897,7.31777312675807,96,75,0.130434605811007
898,7.44820773256908,88,34,0.352847823958698
899,7.80105555652778,52,25,0.169261084314913
900,7.97031664084269,71,94,-0.203373086363627
901,7.76694355447906,60,82,-0.180176940056726
902,7.58676661442233,39,9,0.19732468368037
903,7.7840912981027,2,64,-0.440160414681009
904,7.34393088342169,12,73,-0.417195325447828
905,6.92673555797386,23,19,0.0290803035095628
906,6.95581586148342,21,49,-0.181386345409716
907,6.7744295160737,15,83,-0.434333737330176
908,6.34009577874352,76,28,0.334804038563082
909,6.6748998173066,54,76,-0.12414283275354
910,6.55075698455306,94,41,0.368975554822358
911,6.91973253937542,92,37,0.371538937375301
912,7.29127147675072,66,91,-0.176730142418441
913,7.11454133433228,99,47,0.346833740693176
914,7.46137507502546,47,51,-0.0378184986650331
915,7.42355657636043,14,63,-0.338937961885211
916,7.08461861447522,33,63,-0.198546294574258
917,6.88607231990096,26,52,-0.165321321568329
918,6.72075099833263,99,43,0.38473704812872
919,7.10548804646135,55,100,-0.299054540938532
920,6.80643350552282,35,82,-0.2963289910531
921,6.51010451446972,61,6,0.369124588131085
922,6.87922910260081,71,100,-0.177469396327581
923,6.70175970627323,2,47,-0.286929676248671
924,6.41483003002456,53,96,-0.24096154499052
925,6.17386848503404,54,69,-0.0553289762140935
926,6.11853950881995,69,89,-0.0721516160291022
927,6.04638789279085,39,98,-0.320809341045333
928,5.72557855174552,37,78,-0.196906458380444
929,5.52867209336508,50,14,0.255850151337602
930,5.78452224470268,8,77,-0.388003339662376
931,5.3965189050403,34,23,0.101779269440931
932,5.49829817448123,55,28,0.212368699809256
933,5.71066687429049,29,2,0.181982447914048
934,5.89264932220454,87,87,0.0742735670365158
935,5.96692288924106,11,28,-0.0909746521918228
936,5.87594823704924,9,99,-0.514245947835249
937,5.36170228921399,59,13,0.32310752647726
938,5.68480981569125,54,4,0.337377463867457
939,6.02218727955871,58,49,0.0971317237940064
940,6.11931900335272,49,70,-0.0919191543453796
941,6.02739984900734,38,90,-0.278810023181927
942,5.74858982582541,3,90,-0.493393340557071
943,5.25519648526834,10,35,-0.119383647952553
944,5.13581283731579,87,6,0.548695982499667
945,5.68450881981546,77,50,0.23056318150794
946,5.9150720013234,14,64,-0.279765259597616
947,5.63530674172578,17,86,-0.369773012987987
948,5.26553372873779,95,4,0.612036705637532
949,5.87757043437532,24,34,-0.0372570460238564
950,5.84031338835146,27,54,-0.131781867084419
951,5.70853152126704,69,54,0.153614288629395
952,5.86214580989644,51,51,0.0447035204001446
953,5.90684933029658,10,46,-0.20121619121355
954,5.70563313908303,99,48,0.387763590271873
955,6.0933967293549,1,26,-0.14831810490391
956,5.94507862445099,94,49,0.339920466197391
957,6.28499909064838,32,90,-0.335564652235218
958,5.94943443841316,96,79,0.177439753078116
959,6.12687419149128,37,20,0.126961093379491
960,6.25383528487077,27,17,0.0766969803650861
961,6.33053226523586,54,16,0.261901044685188
962,6.59243330992105,95,63,0.235559931908762
963,6.82799324182981,19,47,-0.177600398259245
964,6.65039284357057,78,16,0.418342701594791
965,7.06873554516536,0,15,-0.0994981110958951
966,6.96923743406946,97,0,0.646666666666667
967,7.61590410073613,23,10,0.0835127292532252
968,7.69941682998936,18,70,-0.372364815652231
969,7.32705201433713,75,58,0.10559244745822
970,7.43264446179535,31,56,-0.177896273296765
971,7.25474818849859,18,73,-0.373029124749887
972,6.8817190637487,14,74,-0.388383554124664
973,6.49333550962404,33,45,-0.0610416575084731
974,6.43229385211557,7,21,-0.0835922098163964
975,6.34870164229917,23,73,-0.295181103560884
976,6.05352053873829,97,79,0.178050744339484
977,6.23157128307777,97,97,0.0587763249863831
978,6.29034760806415,85,17,0.462921249317635
979,6.75326885738179,61,26,0.239656350441565
980,6.99292520782336,36,18,0.121498514156981
981,7.11442372198034,51,66,-0.099760329028644
982,7.0146633929517,13,97,-0.553313312568541
983,6.46135008038316,97,85,0.117703005386815
984,6.57905308576998,11,98,-0.5445232455313
985,6.03452984023868,100,28,0.500964473053272
986,6.53549431329195,71,12,0.3980381283624
987,6.93353244165435,69,6,0.42073514436526
988,7.35426758601961,26,53,-0.187993043266089
989,7.16627454275352,57,45,0.0786473499422329
990,7.24492189269575,89,12,0.512363262530168
991,7.75728515522592,21,40,-0.14277604888424
992,7.61450910634168,92,18,0.487671856095534
993,8.10218096243721,56,7,0.322386834711053
994,8.42456779714826,47,48,-0.04512357613134
995,8.37944422101692,43,57,-0.137503420439753
996,8.24194080057717,78,61,0.0709823442233056
997,8.31292314480048,45,88,-0.351435892864054
998,7.96148725193643,2,31,-0.209670723701707
999,7.75181652823472,57,88,-0.241811779272831
1119.0,7.510004748961888,47.0,88.0,-0.2994941169034714
1239.0,7.210510632058417,37.0,88.0,-0.3492666511480003
1359.0,6.861243980910417,27.0,88.0,-0.39440707452547163
1479.0,6.466836906384946,17.0,88.0,-0.43664285048254925
1599.0,6.030194055902396,7.0,88.0,-0.4759522977723338
1719.0,5.554241758130063,0.0,88.0,-0.49247007492291095
1839.0,5.061771683207152,0.0,88.0,-0.4635692421383628
1959.0,4.598202441068789,0.0,88.0,-0.43839128817893097
2079.0,4.1598111528898585,10.0,88.0,-0.3456932517269726
2199.0,3.814117901162886,20.0,88.0,-0.2579087446868413
2319.0,3.556209156476045,30.0,88.0,-0.18052477218415777
2439.0,3.3756843842918873,40.0,88.0,-0.11090293857042804
2559.0,3.26478144572146,50.0,88.0,-0.03605448100138075
2679.0,3.2287269647200794,60.0,88.0,0.03020276565054056
2799.0,3.25892973037062,70.0,88.0,0.09524076620474936
2919.0,3.3541704965753696,80.0,88.0,0.1577082007567225
3039.0,3.511878697332092,90.0,88.0,0.2171404038255523
3159.0,3.729019101157644,100.0,88.0,0.2736409252484291
3279.0,4.002660026406073,90.0,88.0,0.19288656251540573
3399.0,4.195546588921479,80.0,88.0,0.11616710844690037
3519.0,4.311713697368379,70.0,88.0,0.04360211289965142
3639.0,4.3553158102680305,60.0,88.0,-0.02329497040984386
3759.0,4.332020839858187,50.0,88.0,-0.09217470948199206
3879.0,4.239846130376195,40.0,88.0,-0.1488482179652423
3999.0,4.090997912410953,50.0,88.0,-0.07934091789491557
4119.0,4.011656994516037,60.0,88.0,-0.008131530526760907
4239.0,4.003525463989276,70.0,88.0,0.058477922762727494
4359.0,4.062003386752004,60.0,88.0,-0.009999644329377728
4479.0,4.052003742422626,70.0,88.0,0.056084400638025764
4599.0,4.108088143060652,60.0,88.0,-0.011709634845698851
4719.0,4.096378508214953,50.0,88.0,-0.079602094437048
4839.0,4.016776413777905,60.0,88.0,-0.008321477102857217
4959.0,4.008454936675048,70.0,88.0,0.058234547399629265
5079.0,4.0666894840746775,60.0,88.0,-0.01017348988632869
5199.0,4.056515994188349,70.0,88.0,0.05586161235952216
5319.0,4.112377606547871,60.0,88.0,-0.01186878496123435
5439.0,4.1005088215866365,50.0,88.0,-0.07980259547106812
5559.0,4.020706226115569,60.0,88.0,-0.008467295271541574
5679.0,4.012238930844027,70.0,88.0,0.05804768131125235
5799.0,4.070286612155279,60.0,88.0,-0.010306977687502364
5919.0,4.059979634467776,70.0,88.0,0.05569060320793032
6039.0,4.115670237675706,60.0,88.0,-0.011990969224137137
6159.0,4.103679268451569,50.0,88.0,-0.07995650202417416
6279.0,4.023722766427395,60.0,88.0,-0.008579202825413274
6399.0,4.015143563601981,70.0,88.0,0.0579043123828039
6519.0,4.073047875984785,60.0,88.0,-0.01040943336238806
6639.0,4.062638442622397,70.0,88.0,0.05555931214799916
6759.0,4.118197754770396,60.0,88.0,-0.012084730517017007
6879.0,4.1061130242533785,50.0,88.0,-0.08007462946991645
6999.0,4.026038394783462,60.0,88.0,-0.008665145066131079
7119.0,4.0173732497173305,70.0,88.0,0.05779418915515217
7239.0,4.075167438872483,60.0,88.0,-0.010488086798829925
7359.0,4.064679352073653,70.0,88.0,0.05545856504963542
7479.0,4.120137917123288,60.0,88.0,-0.01215674322993264
7599.0,4.107981173893355,50.0,88.0,-0.08016531869171004
7719.0,4.027815855201645,60.0,88.0,-0.008731106219838398
7839.0,4.019084748981807,70.0,88.0,0.05770971982522916
7959.0,4.076794468807035,60.0,88.0,-0.010548476141416376
8079.0,4.066245992665619,70.0,88.0,0.05538119935805986
8199.0,4.121627192023679,60.0,88.0,-0.012211998426320104
8319.0,4.109415193597359,50.0,88.0,-0.08023493266418844
8439.0,4.02918026093317,60.0,88.0,-0.008781757517912998
8559.0,4.020398503415257,70.0,88.0,0.05764486125045966
8679.0,4.078043364665716,60.0,88.0,-0.01059480970670396
8799.0,4.067448554959013,70.0,88.0,0.05532187892787877
8919.0,4.122770433886892,60.0,88.0,-0.012254426673843211
9039.0,4.110516007213048,50.0,88.0,-0.08028836145119035
9159.0,4.030227645761858,60.0,88.0,-0.008820566613197477
9279.0,4.021407079148661,70.0,88.0,0.05759501794916391
9399.0,4.079002097097825,60.0,88.0,-0.010630412064772348
9519.0,4.0683716850330525,50.0,88.0,-0.07824258094018922
9639.0,3.9901291040928633,60.0,88.0,-0.007332716294630249
9759.0,3.982796387798233,70.0,88.0,0.059501301182948614
9879.0,4.042297688981182,60.0,88.0,-0.009268457744310784
9999.0,4.033029231236871,70.0,88.0,0.057021188736779374
10119.0,4.09005041997365,60.0,88.0,-0.0110403441805456
10239.0,4.0790100757931045,50.0,88.0,-0.07875900871474247
10359.0,4.000251067078362,60.0,88.0,-0.007708325380568304
10479.0,3.9925427416977937,70.0,88.0,0.059020155934405474
10599.0,4.051562897632199,60.0,88.0,-0.009612243540448229
10719.0,4.041950654091751,70.0,88.0,0.056580754742604274
10839.0,4.098531408834355,60.0,88.0,-0.01135503367601108
10959.0,4.087176375158344,50.0,88.0,-0.07915541530110297
11079.0,4.008020959857241,60.0,88.0,-0.00799662031459112
11199.0,4.00002433954265,70.0,88.0,0.058650766740338
11319.0,4.058675106282988,60.0,88.0,-0.009876138655076186
11439.0,4.048798967627912,70.0,88.0,0.05624261650728571
11559.0,4.105041584135197,60.0,88.0,-0.011596582629723769
11679.0,4.093445001505473,50.0,88.0,-0.07945971025467378
11799.0,4.013985291250799,60.0,88.0,-0.008217893599134368
11919.0,4.005767397651665,70.0,88.0,0.058367193537491625
12039.0,4.064134591189156,60.0,88.0,-0.010078710180842136
12159.0,4.054055881008314,70.0,88.0,0.055983047542077884
12279.0,4.110038928550392,60.0,88.0,-0.011781992640572121
12399.0,4.09825693590982,50.0,88.0,-0.07969328865682837
12519.0,4.018563647252992,60.0,88.0,-0.008387791755155286
12639.0,4.010175855497836,70.0,88.0,0.05814953940518701
12759.0,4.068325394903024,60.0,88.0,-0.010234215894239665
12879.0,4.058091179008784,70.0,88.0,0.055783817419657836
12999.0,4.113874996428442,60.0,88.0,-0.011924351573046997
13119.0,4.101950644855395,50.0,88.0,-0.07987259660866973
13239.0,4.022078048246725,60.0,88.0,-0.008518207485242681
13359.0,4.0135598407614825,70.0,88.0,0.057982486071158315
13479.0,4.071542326832641,60.0,88.0,-0.010353597418315793
13599.0,4.061188729414325,70.0,88.0,0.05563090402925914
13719.0,4.116819633443584,60.0,88.0,-0.012033624720754298
13839.0,4.10478600872283,50.0,88.0,-0.08001021697670194
13959.0,4.024775791746128,60.0,88.0,-0.008618289669590483
14079.0,4.016157502076537,70.0,88.0,0.05785419974924853
14199.0,4.0740117018257855,60.0,88.0,-0.010445212469751823
14319.0,4.063566489356034,70.0,88.0,0.05551351724723081
14439.0,4.119080006603265,60.0,88.0,-0.012117513302992508
14559.0,4.106962493300272,50.0,88.0,-0.08011587938880371
14679.0,4.026846613911468,60.0,88.0,-0.008695141946546147
14799.0,4.018151471964922,70.0,88.0,0.05775574197509156
14919.0,4.075907213940013,60.0,88.0,-0.010515558689311064
15039.0,4.065391655250703,70.0,88.0,0.055423442439654476
15159.0,4.120815097690357,60.0,88.0,-0.012181883713041453
15279.0,4.108633213977315,50.0,88.0,-0.08019697364884838
15399.0,4.028436240328467,60.0,88.0,-0.008754117294769598
